name,danceability,energy,key,loudness,mode,speechiness,acousticness,instrumentalness,liveness,valence,tempo,type,id,uri,track_href,analysis_url,duration_ms,time_signature
LUNA,0.774,0.86,7,-2.888,0,0.13,0.131,0.0,0.116,0.446,100.019,audio_features,7bywjHOc0wSjGGbj04XbVi,spotify:track:7bywjHOc0wSjGGbj04XbVi,https://api.spotify.com/v1/tracks/7bywjHOc0wSjGGbj04XbVi,https://api.spotify.com/v1/audio-analysis/7bywjHOc0wSjGGbj04XbVi,196800,4
Gata Only,0.791,0.499,8,-8.472,0,0.0509,0.446,2.41e-05,0.0899,0.669,99.986,audio_features,6XjDF6nds4DE2BBbagZol6,spotify:track:6XjDF6nds4DE2BBbagZol6,https://api.spotify.com/v1/tracks/6XjDF6nds4DE2BBbagZol6,https://api.spotify.com/v1/audio-analysis/6XjDF6nds4DE2BBbagZol6,222000,4
Piel,0.646,0.907,0,-1.617,1,0.0593,0.422,0.0,0.14,0.816,168.004,audio_features,4wS0TnQzVkY9ML1BPKpOk1,spotify:track:4wS0TnQzVkY9ML1BPKpOk1,https://api.spotify.com/v1/tracks/4wS0TnQzVkY9ML1BPKpOk1,https://api.spotify.com/v1/audio-analysis/4wS0TnQzVkY9ML1BPKpOk1,141079,4
Una Foto Remix (feat. Emilia),0.76,0.703,6,-3.667,1,0.0631,0.313,0.0,0.0784,0.739,96.033,audio_features,1kqH58eGh2ZTOHwqBIB2tM,spotify:track:1kqH58eGh2ZTOHwqBIB2tM,https://api.spotify.com/v1/tracks/1kqH58eGh2ZTOHwqBIB2tM,https://api.spotify.com/v1/audio-analysis/1kqH58eGh2ZTOHwqBIB2tM,243899,4
La Diabla,0.751,0.819,11,-4.372,0,0.0409,0.255,0.0,0.236,0.697,131.842,audio_features,0R6NfOiLzLj4O5VbYSJAjf,spotify:track:0R6NfOiLzLj4O5VbYSJAjf,https://api.spotify.com/v1/tracks/0R6NfOiLzLj4O5VbYSJAjf,https://api.spotify.com/v1/audio-analysis/0R6NfOiLzLj4O5VbYSJAjf,172264,3
HOLA PERDIDA,0.482,0.792,2,-5.861,0,0.0859,0.182,0.0,0.744,0.572,154.932,audio_features,7JKptWv4YXmievid0HajID,spotify:track:7JKptWv4YXmievid0HajID,https://api.spotify.com/v1/tracks/7JKptWv4YXmievid0HajID,https://api.spotify.com/v1/audio-analysis/7JKptWv4YXmievid0HajID,166537,4
LA FALDA,0.8,0.738,7,-4.26,1,0.0691,0.372,0.00877,0.19,0.267,103.008,audio_features,7iUtQNMRB8ZkKC4AmEuCJC,spotify:track:7iUtQNMRB8ZkKC4AmEuCJC,https://api.spotify.com/v1/tracks/7iUtQNMRB8ZkKC4AmEuCJC,https://api.spotify.com/v1/audio-analysis/7iUtQNMRB8ZkKC4AmEuCJC,174230,4
Según Quién,0.909,0.762,9,-3.974,1,0.0643,0.434,0.0,0.0856,0.843,101.987,audio_features,4bw8mcDUSRWfQo63ZTYRnU,spotify:track:4bw8mcDUSRWfQo63ZTYRnU,https://api.spotify.com/v1/tracks/4bw8mcDUSRWfQo63ZTYRnU,https://api.spotify.com/v1/audio-analysis/4bw8mcDUSRWfQo63ZTYRnU,142335,3
PERRO NEGRO,0.911,0.778,5,-2.248,1,0.262,0.0887,2.16e-05,0.179,0.345,96.057,audio_features,7iQXYTyuG13aoeHxGG28Nh,spotify:track:7iQXYTyuG13aoeHxGG28Nh,https://api.spotify.com/v1/tracks/7iQXYTyuG13aoeHxGG28Nh,https://api.spotify.com/v1/audio-analysis/7iQXYTyuG13aoeHxGG28Nh,162768,4
FIRST LOVE,0.694,0.588,2,-6.24,1,0.0565,0.358,0.0,0.299,0.794,73.929,audio_features,3QQAeMQbbjZXVFbF8DgFWT,spotify:track:3QQAeMQbbjZXVFbF8DgFWT,https://api.spotify.com/v1/tracks/3QQAeMQbbjZXVFbF8DgFWT,https://api.spotify.com/v1/audio-analysis/3QQAeMQbbjZXVFbF8DgFWT,169440,4
QLONA,0.841,0.738,7,-7.455,0,0.307,0.52,0.0,0.0892,0.484,169.918,audio_features,5RqSsdzTNPX1uzkmlHCFvK,spotify:track:5RqSsdzTNPX1uzkmlHCFvK,https://api.spotify.com/v1/tracks/5RqSsdzTNPX1uzkmlHCFvK,https://api.spotify.com/v1/audio-analysis/5RqSsdzTNPX1uzkmlHCFvK,172798,4
M.A.I,0.364,0.572,10,-5.861,0,0.0341,0.758,0.0,0.229,0.514,80.363,audio_features,35ttE4t8lQZA2vuCYDg4G7,spotify:track:35ttE4t8lQZA2vuCYDg4G7,https://api.spotify.com/v1/tracks/35ttE4t8lQZA2vuCYDg4G7,https://api.spotify.com/v1/audio-analysis/35ttE4t8lQZA2vuCYDg4G7,184027,4
Mamichula - con Nicki Nicole,0.696,0.678,4,-5.893,0,0.0735,0.582,2.22e-06,0.134,0.346,91.985,audio_features,0TUW9faHNaBmi89wsYGp9y,spotify:track:0TUW9faHNaBmi89wsYGp9y,https://api.spotify.com/v1/tracks/0TUW9faHNaBmi89wsYGp9y,https://api.spotify.com/v1/audio-analysis/0TUW9faHNaBmi89wsYGp9y,219202,4
OJITOS ROJOS,0.721,0.782,11,-3.51,1,0.045,0.251,0.0,0.107,0.77,90.001,audio_features,11PV8CaPqlto9Uejx92C35,spotify:track:11PV8CaPqlto9Uejx92C35,https://api.spotify.com/v1/tracks/11PV8CaPqlto9Uejx92C35,https://api.spotify.com/v1/audio-analysis/11PV8CaPqlto9Uejx92C35,221601,4
Es un Secreto,0.841,0.783,6,-4.915,0,0.0432,0.106,2.49e-06,0.0528,0.514,94.989,audio_features,7JwdbqIpiuWvGbRryKSuBz,spotify:track:7JwdbqIpiuWvGbRryKSuBz,https://api.spotify.com/v1/tracks/7JwdbqIpiuWvGbRryKSuBz,https://api.spotify.com/v1/audio-analysis/7JwdbqIpiuWvGbRryKSuBz,190560,4
Columbia,0.668,0.712,5,-5.927,1,0.0381,0.369,2.13e-05,0.108,0.264,100.02,audio_features,6XbtvPmIpyCbjuT0e8cQtp,spotify:track:6XbtvPmIpyCbjuT0e8cQtp,https://api.spotify.com/v1/tracks/6XbtvPmIpyCbjuT0e8cQtp,https://api.spotify.com/v1/audio-analysis/6XbtvPmIpyCbjuT0e8cQtp,186000,4
La Morocha,0.757,0.768,7,-5.752,1,0.034,0.0954,0.0,0.279,0.972,149.099,audio_features,6vRQqxOhUFd78p5tL8jXr7,spotify:track:6vRQqxOhUFd78p5tL8jXr7,https://api.spotify.com/v1/tracks/6vRQqxOhUFd78p5tL8jXr7,https://api.spotify.com/v1/audio-analysis/6vRQqxOhUFd78p5tL8jXr7,134144,4
Bad Boy,0.577,0.513,10,-7.653,0,0.0541,0.0613,0.0,0.338,0.502,177.939,audio_features,6PMapQ7YSxkhAgNOvvoiWs,spotify:track:6PMapQ7YSxkhAgNOvvoiWs,https://api.spotify.com/v1/tracks/6PMapQ7YSxkhAgNOvvoiWs,https://api.spotify.com/v1/audio-analysis/6PMapQ7YSxkhAgNOvvoiWs,159101,4
"Young Miko: Bzrp Music Sessions, Vol. 58",0.704,0.571,7,-8.212,0,0.156,0.588,0.0,0.117,0.443,96.016,audio_features,6VciS3dRMpZhJiDxT8ArFi,spotify:track:6VciS3dRMpZhJiDxT8ArFi,https://api.spotify.com/v1/tracks/6VciS3dRMpZhJiDxT8ArFi,https://api.spotify.com/v1/audio-analysis/6VciS3dRMpZhJiDxT8ArFi,190000,4
Normal,0.709,0.56,4,-4.867,0,0.171,0.034,0.0,0.315,0.541,170.082,audio_features,0T2pB7P1VdXPhLdQZ488uH,spotify:track:0T2pB7P1VdXPhLdQZ488uH,https://api.spotify.com/v1/tracks/0T2pB7P1VdXPhLdQZ488uH,https://api.spotify.com/v1/audio-analysis/0T2pB7P1VdXPhLdQZ488uH,171880,4
Un Finde | CROSSOVER #2,0.499,0.519,11,-8.199,1,0.0595,0.109,0.0,0.276,0.848,192.147,audio_features,3tiJUOfAEqIrLFRQgGgdoY,spotify:track:3tiJUOfAEqIrLFRQgGgdoY,https://api.spotify.com/v1/tracks/3tiJUOfAEqIrLFRQgGgdoY,https://api.spotify.com/v1/audio-analysis/3tiJUOfAEqIrLFRQgGgdoY,163788,4
Feliz Cumpleaños Ferxxo,0.865,0.573,5,-5.501,1,0.0678,0.0863,0.0,0.305,0.563,94.999,audio_features,2CeKVsFFXG4QzA415QygGb,spotify:track:2CeKVsFFXG4QzA415QygGb,https://api.spotify.com/v1/tracks/2CeKVsFFXG4QzA415QygGb,https://api.spotify.com/v1/audio-analysis/2CeKVsFFXG4QzA415QygGb,155960,4
BELLAKEO,0.72,0.88,9,-2.834,1,0.101,0.0562,0.06,0.153,0.463,180.011,audio_features,05WVKTdZhlIMX4qqMLuo0f,spotify:track:05WVKTdZhlIMX4qqMLuo0f,https://api.spotify.com/v1/tracks/05WVKTdZhlIMX4qqMLuo0f,https://api.spotify.com/v1/audio-analysis/05WVKTdZhlIMX4qqMLuo0f,197333,4
EL AMOR DE SU VIDA,0.616,0.834,9,-3.069,1,0.0664,0.06,0.0,0.338,0.746,151.701,audio_features,0O3U5iwTbiXCREMkvotJuN,spotify:track:0O3U5iwTbiXCREMkvotJuN,https://api.spotify.com/v1/tracks/0O3U5iwTbiXCREMkvotJuN,https://api.spotify.com/v1/audio-analysis/0O3U5iwTbiXCREMkvotJuN,165848,4
CLASSY 101,0.858,0.665,11,-4.772,1,0.152,0.126,0.0,0.119,0.659,100.09,audio_features,1hZsWUnLbqRw09jLAMQSsb,spotify:track:1hZsWUnLbqRw09jLAMQSsb,https://api.spotify.com/v1/tracks/1hZsWUnLbqRw09jLAMQSsb,https://api.spotify.com/v1/audio-analysis/1hZsWUnLbqRw09jLAMQSsb,195587,4
ALV,0.777,0.65,11,-4.156,0,0.213,0.128,0.0,0.116,0.401,93.051,audio_features,32hCeeK3ayPux4UauNPsgA,spotify:track:32hCeeK3ayPux4UauNPsgA,https://api.spotify.com/v1/tracks/32hCeeK3ayPux4UauNPsgA,https://api.spotify.com/v1/audio-analysis/32hCeeK3ayPux4UauNPsgA,160040,4
MI EX TENÍA RAZÓN,0.634,0.725,5,-4.945,0,0.0587,0.0776,0.0,0.211,0.795,159.845,audio_features,54zcJnb3tp9c5OVKREZ1Is,spotify:track:54zcJnb3tp9c5OVKREZ1Is,https://api.spotify.com/v1/tracks/54zcJnb3tp9c5OVKREZ1Is,https://api.spotify.com/v1/audio-analysis/54zcJnb3tp9c5OVKREZ1Is,154375,4
La Bachata,0.835,0.679,7,-5.329,0,0.0364,0.583,1.98e-06,0.218,0.85,124.98,audio_features,3tt9i3Hhzq84dPS8H7iSiJ,spotify:track:3tt9i3Hhzq84dPS8H7iSiJ,https://api.spotify.com/v1/tracks/3tt9i3Hhzq84dPS8H7iSiJ,https://api.spotify.com/v1/audio-analysis/3tt9i3Hhzq84dPS8H7iSiJ,162638,4
LALA,0.708,0.737,1,-4.045,1,0.0436,0.0739,0.00162,0.0955,0.607,91.986,audio_features,7ABLbnD53cQK00mhcaOUVG,spotify:track:7ABLbnD53cQK00mhcaOUVG,https://api.spotify.com/v1/tracks/7ABLbnD53cQK00mhcaOUVG,https://api.spotify.com/v1/audio-analysis/7ABLbnD53cQK00mhcaOUVG,197920,4
Ya Pedo Quién Sabe,0.576,0.616,11,-4.245,1,0.0341,0.563,0.0,0.139,0.398,155.461,audio_features,3dNLpNsPJ3zvlVu8s5vll0,spotify:track:3dNLpNsPJ3zvlVu8s5vll0,https://api.spotify.com/v1/tracks/3dNLpNsPJ3zvlVu8s5vll0,https://api.spotify.com/v1/audio-analysis/3dNLpNsPJ3zvlVu8s5vll0,191284,3
ANDO,0.869,0.568,8,-8.648,0,0.0729,0.0023,0.00177,0.0778,0.35,98.015,audio_features,4GvEuYAfJlICR2SpMDaBxQ,spotify:track:4GvEuYAfJlICR2SpMDaBxQ,https://api.spotify.com/v1/tracks/4GvEuYAfJlICR2SpMDaBxQ,https://api.spotify.com/v1/audio-analysis/4GvEuYAfJlICR2SpMDaBxQ,172768,4
El Amor De Mi Vida,0.618,0.793,11,-4.013,0,0.0493,0.163,0.0,0.0822,0.688,88.01,audio_features,04sktg3deiYUweHfbFUZTM,spotify:track:04sktg3deiYUweHfbFUZTM,https://api.spotify.com/v1/tracks/04sktg3deiYUweHfbFUZTM,https://api.spotify.com/v1/audio-analysis/04sktg3deiYUweHfbFUZTM,184587,4
Ni Una Ni Dos,0.781,0.601,7,-5.817,1,0.0459,0.513,0.0,0.268,0.853,88.06,audio_features,0H9WU0OIXPpbOVgzzOanXb,spotify:track:0H9WU0OIXPpbOVgzzOanXb,https://api.spotify.com/v1/tracks/0H9WU0OIXPpbOVgzzOanXb,https://api.spotify.com/v1/audio-analysis/0H9WU0OIXPpbOVgzzOanXb,161591,4
Que Onda,0.808,0.944,10,-4.863,0,0.0408,0.183,1.11e-06,0.138,0.937,124.934,audio_features,6uIIdjYTxxpWOyWuVXrKQO,spotify:track:6uIIdjYTxxpWOyWuVXrKQO,https://api.spotify.com/v1/tracks/6uIIdjYTxxpWOyWuVXrKQO,https://api.spotify.com/v1/audio-analysis/6uIIdjYTxxpWOyWuVXrKQO,191467,3
Rara Vez,0.838,0.708,5,-4.668,0,0.166,0.176,0.0,0.343,0.96,119.984,audio_features,7MVIfkyzuUmQ716j8U7yGR,spotify:track:7MVIfkyzuUmQ716j8U7yGR,https://api.spotify.com/v1/tracks/7MVIfkyzuUmQ716j8U7yGR,https://api.spotify.com/v1/audio-analysis/7MVIfkyzuUmQ716j8U7yGR,128677,4
AMARGURA,0.92,0.696,6,-3.356,0,0.0742,0.183,0.0,0.149,0.545,106.966,audio_features,505v13epFXodT9fVAJ6h8k,spotify:track:505v13epFXodT9fVAJ6h8k,https://api.spotify.com/v1/tracks/505v13epFXodT9fVAJ6h8k,https://api.spotify.com/v1/audio-analysis/505v13epFXodT9fVAJ6h8k,170480,4
Ya No Vuelvas (Versión Cuarteto),0.736,0.902,1,-4.575,1,0.0832,0.223,0.0,0.375,0.554,149.945,audio_features,0u6JsFiEEXb6kaF0oqyeFi,spotify:track:0u6JsFiEEXb6kaF0oqyeFi,https://api.spotify.com/v1/tracks/0u6JsFiEEXb6kaF0oqyeFi,https://api.spotify.com/v1/audio-analysis/0u6JsFiEEXb6kaF0oqyeFi,204000,4
un x100to,0.571,0.72,9,-4.089,1,0.0458,0.213,0.0,0.271,0.542,83.827,audio_features,2yzshFeBIwH8tWIqHEFLeD,spotify:track:2yzshFeBIwH8tWIqHEFLeD,https://api.spotify.com/v1/tracks/2yzshFeBIwH8tWIqHEFLeD,https://api.spotify.com/v1/audio-analysis/2yzshFeBIwH8tWIqHEFLeD,194563,4
Hey Mor,0.901,0.589,1,-6.713,0,0.289,0.00302,0.000237,0.0992,0.399,98.002,audio_features,1zsPaEkglFvxjAhrM8yhpr,spotify:track:1zsPaEkglFvxjAhrM8yhpr,https://api.spotify.com/v1/tracks/1zsPaEkglFvxjAhrM8yhpr,https://api.spotify.com/v1/audio-analysis/1zsPaEkglFvxjAhrM8yhpr,196600,4
Frágil,0.605,0.726,6,-4.515,1,0.0309,0.365,0.0,0.112,0.393,149.918,audio_features,7BVMtLpd7edHeOizt4RWz9,spotify:track:7BVMtLpd7edHeOizt4RWz9,https://api.spotify.com/v1/tracks/7BVMtLpd7edHeOizt4RWz9,https://api.spotify.com/v1/audio-analysis/7BVMtLpd7edHeOizt4RWz9,160518,4
PUNTO G,0.751,0.761,11,-4.113,0,0.15,0.251,0.000238,0.0991,0.553,92.032,audio_features,4WiQA1AGWHFvaxBU6bHghs,spotify:track:4WiQA1AGWHFvaxBU6bHghs,https://api.spotify.com/v1/tracks/4WiQA1AGWHFvaxBU6bHghs,https://api.spotify.com/v1/audio-analysis/4WiQA1AGWHFvaxBU6bHghs,151325,4
La Víctima,0.778,0.835,11,-3.598,0,0.0767,0.152,0.0,0.109,0.666,140.082,audio_features,5XVdHRf4CAJ2Jm0uMIy5qY,spotify:track:5XVdHRf4CAJ2Jm0uMIy5qY,https://api.spotify.com/v1/tracks/5XVdHRf4CAJ2Jm0uMIy5qY,https://api.spotify.com/v1/audio-analysis/5XVdHRf4CAJ2Jm0uMIy5qY,156346,4
Pobre Corazón - En Vivo,0.463,0.84,10,-4.781,0,0.0475,0.0445,0.0,0.443,0.466,91.038,audio_features,1AX4aybSRyXHWrjg27wTFE,spotify:track:1AX4aybSRyXHWrjg27wTFE,https://api.spotify.com/v1/tracks/1AX4aybSRyXHWrjg27wTFE,https://api.spotify.com/v1/audio-analysis/1AX4aybSRyXHWrjg27wTFE,198931,4
Fruto,0.801,0.517,2,-8.205,0,0.269,0.494,1.45e-06,0.355,0.923,160.254,audio_features,4SW9gHnW8NfKOdqmh0ij45,spotify:track:4SW9gHnW8NfKOdqmh0ij45,https://api.spotify.com/v1/tracks/4SW9gHnW8NfKOdqmh0ij45,https://api.spotify.com/v1/audio-analysis/4SW9gHnW8NfKOdqmh0ij45,133969,4
Primera Cita,0.535,0.395,10,-7.805,1,0.0634,0.597,6.78e-05,0.0969,0.488,157.795,audio_features,25OeKzcqakFPaJlXHPE5lm,spotify:track:25OeKzcqakFPaJlXHPE5lm,https://api.spotify.com/v1/tracks/25OeKzcqakFPaJlXHPE5lm,https://api.spotify.com/v1/audio-analysis/25OeKzcqakFPaJlXHPE5lm,186456,3
QUE VUELVAS,0.497,0.644,10,-4.309,1,0.0443,0.188,0.0,0.114,0.779,162.542,audio_features,5HR7yfhSCeoOHRQN05XnZQ,spotify:track:5HR7yfhSCeoOHRQN05XnZQ,https://api.spotify.com/v1/tracks/5HR7yfhSCeoOHRQN05XnZQ,https://api.spotify.com/v1/audio-analysis/5HR7yfhSCeoOHRQN05XnZQ,169419,4
TULUM,0.557,0.866,6,-4.454,1,0.0503,0.394,0.0,0.11,0.631,167.767,audio_features,7bPp2NmpmyhLJ7zWazAXMu,spotify:track:7bPp2NmpmyhLJ7zWazAXMu,https://api.spotify.com/v1/tracks/7bPp2NmpmyhLJ7zWazAXMu,https://api.spotify.com/v1/audio-analysis/7bPp2NmpmyhLJ7zWazAXMu,209415,4
Ahi Ahi,0.781,0.573,7,-6.439,0,0.107,0.373,0.0,0.117,0.516,89.911,audio_features,5O9IqFNUVtjRlDpdKex3YH,spotify:track:5O9IqFNUVtjRlDpdKex3YH,https://api.spotify.com/v1/tracks/5O9IqFNUVtjRlDpdKex3YH,https://api.spotify.com/v1/audio-analysis/5O9IqFNUVtjRlDpdKex3YH,176797,4
En La Intimidad | CROSSOVER #1,0.804,0.555,1,-4.991,1,0.107,0.0924,0.0,0.0699,0.64,89.946,audio_features,7w7BrPbOjF5OxChs2dxFve,spotify:track:7w7BrPbOjF5OxChs2dxFve,https://api.spotify.com/v1/tracks/7w7BrPbOjF5OxChs2dxFve,https://api.spotify.com/v1/audio-analysis/7w7BrPbOjF5OxChs2dxFve,172118,4
Pa Ti Estoy,0.785,0.812,3,-3.174,1,0.0644,0.147,0.0,0.107,0.903,162.087,audio_features,3j5zNcb0aSk7dx3W3mAKzw,spotify:track:3j5zNcb0aSk7dx3W3mAKzw,https://api.spotify.com/v1/tracks/3j5zNcb0aSk7dx3W3mAKzw,https://api.spotify.com/v1/audio-analysis/3j5zNcb0aSk7dx3W3mAKzw,206103,4
